source_id,claim_area,claim_type,claim_text,source_speaker,verification_status,authority_level,source_date,as_of_date,url_or_path,used_by_agent,used_by_skill,confidence,upstream_sources,notes,evidence_category,freshness_status,conflict_status,treatment,readiness_impact,source_language,translation_basis
sec_apple_10k_2025,business_model,fact,"Apple designs, manufactures and markets smartphones, personal computers, tablets, wearables and accessories, and sells related services; the installed base of active devices remains in the billions.",SEC Form 10-K (FY2025) Item 1,verified,L1,2025-10-31,2026-04-14,https://www.sec.gov/edgar/browse/?CIK=0000320193,thesis-builder,thesis-builder,high,not_applicable,"一手 10-K 摘录：产品 / 服务结构与装机量口径",verified_fact,current,none,use_normally,supports_durable_conclusion,en,not_translated
apple_q1_2026_results,financial_quality,reported_metric,"December-quarter results showed resilient revenue and margins, with record Services revenue and strong operating cash flow.",Apple quarterly results release,verified,L1,2026-01-29,2026-04-14,https://investor.apple.com,thesis-builder,thesis-builder,high,not_applicable,"公司业绩稿；数字口径以财报为准",reported_fact,current,none,use_normally,supports_durable_conclusion,en,not_translated
apple_q1_2026_results,capital_allocation,reported_metric,"Apple continued large-scale buybacks and dividends, funded by operating cash flow, within its capital-return program.",Apple quarterly results release,verified,L1,2026-01-29,2026-04-14,https://investor.apple.com,thesis-builder,thesis-builder,high,not_applicable,"资本回报耐久性的直接证据",reported_fact,current,none,use_normally,supports_durable_conclusion,en,not_translated
financecharts_aapl_summary,valuation_context,market_pricing,"Around the research cutoff AAPL traded at a premium large-cap multiple; valuation context showed a limited margin of safety at prevailing prices.",FinanceCharts AAPL summary,estimated,L4,2026-04-10,2026-04-14,https://www.financecharts.com/stocks/AAPL,thesis-builder,thesis-builder,medium,not_applicable,"行情快照按日失效；使用前必须刷新到当前价格",market_pricing,acceptable_for_period,none,source_gap,supports_working_view,en,not_translated
stockanalysis_aapl_history,short_term_price_action,market_pricing,"Price history around the cutoff shows the stock range-bound after a strong multi-year run; the technical picture is a snapshot that ages quickly.",StockAnalysis AAPL price history,estimated,L4,2026-04-10,2026-04-14,https://stockanalysis.com/stocks/AAPL/history/,thesis-builder,thesis-builder,medium,not_applicable,"行情数据不单独支撑结论，仅作语境",market_pricing,acceptable_for_period,none,monitor,supports_working_view,en,not_translated
barrons_aapl_technical_apr2026,trend_interpretation,interpretation,"Technical read: support near 245 and resistance near 285 framed the April setup; losing 245 would mark a tactical deterioration.",Barron's technical note,claimed,L4,2026-04-09,2026-04-14,https://www.barrons.com/articles/aapl-technical-levels,thesis-builder,market-briefing,medium,not_applicable,"二手技术解读，仅作语境，不单独支撑结论",inference,acceptable_for_period,none,attribute,supports_working_view,en,not_translated
macrumors_foldable_delay_2026,event_risk,rumor_signal,"Supply-chain reporting suggested a foldable iPhone timeline slip; treat as a weak, unconfirmed scheduling signal.",MacRumors report,unverified,L5,2026-04-08,2026-04-14,https://www.macrumors.com/2026/04/08/foldable-iphone-timing,thesis-builder,event-risk-scan,low,not_applicable,"未证实传闻：只进监控，不支撑结论",weak_signal,preliminary,unresolved,monitor,monitoring_only,en,not_translated
sec_apple_10k_2025,supply_chain_risk,fact,"The 10-K flags supply-chain concentration and tariff exposure as material uncertainties affecting margins.",SEC Form 10-K (FY2025) Item 1A,verified,L1,2025-10-31,2026-04-14,https://www.sec.gov/edgar/browse/?CIK=0000320193,thesis-builder,thesis-builder,high,not_applicable,"风险因素原文，用于证伪路径设计",verified_fact,current,none,use_normally,supports_durable_conclusion,en,not_translated
derived_aapl_apr2026_thesis,integrated_thesis,interpretation,"Integrated thesis as of 2026-04-14: quality platform with a durable franchise, but limited valuation margin of safety at prevailing prices; actionability blocked pending refreshed market data and valuation work.",Mira synthesis (derived),modeled,L6,2026-04-14,2026-04-14,examples/aapl-2026-04/investment-memo.md,thesis-builder,thesis-builder,medium,"sec_apple_10k_2025; apple_q1_2026_results; financecharts_aapl_summary; barrons_aapl_technical_apr2026","合成结论；上游来源已列出；行动性受市场数据过期阻断",inference,stale,none,source_gap,blocks_actionability,en,not_translated
